{
  "project_info": {
    "project_number": "926243535530",
    "project_id": "asafproject4",
    "storage_bucket": "asafproject4.firebasestorage.app"
  },
  "client": [
    {
      "client_info": {
        "mobilesdk_app_id": "1:926243535530:android:13b39adfdfb0d1ccc1eed3",
        "android_client_info": {
          "package_name": "com.example.asafproject"
        }
      },
      "oauth_client": [],
      "api_key": [
        {
          "current_key": "AIzaSyCTlP-uCLMfjj6NkabNrJQLKIyOMq0yKDQ"
        }
      ],
      "services": {
        "appinvite_service": {
          "other_platform_oauth_client": []
        }
      }
    }
  ],
  "configuration_version": "1"
}